{
  "short_name": "Agria Rouen",
  "name": "Agria Rouen - Restaurant Administratif",
  "description": "Découvrez le menu, les actualités et les services du restaurant Agria Rouen. Application mobile optimisée pour une expérience utilisateur exceptionnelle.",
  "icons": [
    {
      "src": "/icons/icon-16x16.svg",
      "sizes": "16x16",
      "type": "image/svg+xml",
      "purpose": "any"
    },
    {
      "src": "/icons/icon-32x32.svg",
      "sizes": "32x32",
      "type": "image/svg+xml",
      "purpose": "any"
    },
    {
      "src": "/icons/icon-72x72.svg",
      "sizes": "72x72",
      "type": "image/svg+xml",
      "purpose": "any"
    },
    {
      "src": "/icons/icon-128x128.svg",
      "sizes": "128x128",
      "type": "image/svg+xml",
      "purpose": "any maskable"
    },
    {
      "src": "/icons/icon-144x144.svg",
      "sizes": "144x144",
      "type": "image/svg+xml",
      "purpose": "any"
    },
    {
      "src": "/icons/icon-152x152.svg",
      "sizes": "152x152",
      "type": "image/svg+xml",
      "purpose": "any"
    },
    {
      "src": "/icons/icon-192x192.svg",
      "sizes": "192x192",
      "type": "image/svg+xml",
      "purpose": "any maskable"
    },
    {
      "src": "/icons/icon-512x512.svg",
      "sizes": "512x512",
      "type": "image/svg+xml",
      "purpose": "any maskable"
    }
  ],
  "start_url": "/",
  "scope": "/",
  "display": "standalone",
  "orientation": "portrait-primary",
  "theme_color": "#009A58",
  "background_color": "#ffffff",
  "categories": ["food", "restaurant", "lifestyle"],
  "lang": "fr-FR",
  "dir": "ltr",
  "prefer_related_applications": false,
  "shortcuts": [
    {
      "name": "Menu du jour",
      "short_name": "Menu",
      "description": "Consulter le menu du jour",
      "url": "/menu",
      "icons": [
        {
          "src": "/icons/menu-shortcut.png",
          "sizes": "96x96"
        }
      ]
    },
    {
      "name": "Actualités",
      "short_name": "Actu",
      "description": "Voir les dernières actualités",
      "url": "/actu",
      "icons": [
        {
          "src": "/icons/news-shortcut.png",
          "sizes": "96x96"
        }
      ]
    },
    {
      "name": "Contact",
      "short_name": "Contact",
      "description": "Nous contacter",
      "url": "/contact",
      "icons": [
        {
          "src": "/icons/contact-shortcut.png",
          "sizes": "96x96"
        }
      ]
    }
  ],
  "screenshots": [
    {
      "src": "/screenshots/mobile-home.png",
      "type": "image/png",
      "sizes": "390x844",
      "form_factor": "narrow"
    },
    {
      "src": "/screenshots/desktop-home.png",
      "type": "image/png",
      "sizes": "1920x1080",
      "form_factor": "wide"
    }
  ]
}
